From,To,SentAt,Message,Direction
vikash kumar,udit saini,"May 13, 2017, 5:45 AM",,INCOMING
RAJANI KUMARI,udit saini,"May 12, 2017, 9:51 AM",,INCOMING
Kumar S Rohit,udit saini,"May 12, 2017, 1:09 AM",,INCOMING
Sheel Chandelia,udit saini,"May 12, 2017, 12:05 AM",,INCOMING
Sayali Rathod,udit saini,"May 11, 2017, 11:15 PM",,INCOMING
Raghavendra NB,udit saini,"May 11, 2017, 9:26 PM",,INCOMING
Ashish Ranjan,udit saini,"May 11, 2017, 6:27 AM",,INCOMING
MEGHA GUPTA,udit saini,"May 11, 2017, 6:23 AM",,INCOMING
Sneha Jha,udit saini,"May 10, 2017, 7:30 PM",,INCOMING
Ciway Awasthi,udit saini,"May 10, 2017, 10:38 AM",,INCOMING
Axis The future point ,udit saini,"May 9, 2017, 1:37 AM",,INCOMING
Parv Yadav,udit saini,"May 9, 2017, 12:40 AM",,INCOMING
Rajani Kant Sharma,udit saini,"May 8, 2017, 10:17 PM",,INCOMING
Neha Das,udit saini,"May 8, 2017, 8:09 PM",,INCOMING
Krishna Ramamoorthy,udit saini,"May 8, 2017, 6:38 AM",,INCOMING
Sai Shwetha Ganesh,udit saini,"May 7, 2017, 11:42 PM",,INCOMING
Shubham Mukherjee,udit saini,"May 7, 2017, 8:29 AM",,INCOMING
Anurag MN,udit saini,"May 3, 2017, 6:49 PM",,INCOMING
Arnab Pal ,udit saini,"May 5, 2017, 2:20 PM",,INCOMING
Manmohan Das,udit saini,"May 5, 2017, 3:47 PM",,INCOMING
Shubham Band,udit saini,"May 5, 2017, 12:12 AM",,INCOMING
Alok Tripathi,udit saini,"May 4, 2017, 11:28 PM","Our startup www.gogol.online is for providing online services. (quite similar to concepts like Urbanclap & Housejoy etc.)
AND our another startup www.gogolonline.com is for business listing of all type. (quite similar to concepts like Justdial & Sulekha etc.)
We seek seed funding at this stage.

",INCOMING
Shanee Ben,udit saini,"May 4, 2017, 9:02 PM",,INCOMING
Srinath Reddy,udit saini,"May 4, 2017, 1:47 PM",,INCOMING
deepa gaddam,udit saini,"May 4, 2017, 2:37 AM",,INCOMING
Garima Allawadhi,udit saini,"May 1, 2017, 8:57 AM",,INCOMING
Athar Ali Chauhan,udit saini,"May 1, 2017, 5:42 AM",,INCOMING
Syed Saud Hasan,udit saini,"April 28, 2017, 10:21 AM",,INCOMING
Kapil Bhatia,udit saini,"April 27, 2017, 6:52 AM",,INCOMING
Geetanjali kumari,udit saini,"April 27, 2017, 2:34 AM",,INCOMING
Sumit Dalmiya,udit saini,"April 26, 2017, 1:07 PM",,INCOMING
Hemant Pawar,udit saini,"April 24, 2017, 10:01 PM",,INCOMING
Devidas Purane,udit saini,"April 24, 2017, 11:23 AM",,INCOMING
Anoop Goyal,udit saini,"April 24, 2017, 9:18 AM",,INCOMING
Saurav Sagar,udit saini,"March 31, 2017, 8:01 AM",,INCOMING
Aman Kumar,udit saini,"April 1, 2017, 11:34 AM",,INCOMING
Techno Pitara,udit saini,"April 2, 2017, 8:28 AM",,INCOMING
Harshit Maurya,udit saini,"April 3, 2017, 9:37 AM",,INCOMING
priyanka reddy,udit saini,"April 3, 2017, 10:58 PM",,INCOMING
Darshan R V,udit saini,"April 4, 2017, 8:04 AM",,INCOMING
Deals uncle,udit saini,"April 7, 2017, 2:38 AM",,INCOMING
Shweta Shekhar,udit saini,"April 6, 2017, 10:21 PM","Hi 
Wanted to share an opportunity for Software Engineer role with Intellistocks, Gurgaon. Looking for someone with expertise in Algorithms.
If interested share your profile with your current CTC at:
shweta.shekhar@intellistocks.com

(experience working with Stock market is an added advantage).
",INCOMING
Babar Shamim Zaidi ,udit saini,"April 7, 2017, 12:59 AM",,INCOMING
Saurabh Kumar,udit saini,"April 9, 2017, 1:46 AM",,INCOMING
Sumant kumar,udit saini,"April 8, 2017, 9:55 AM",,INCOMING
Ayushman Mishra,udit saini,"April 8, 2017, 3:07 PM",,INCOMING
Sukethu S,udit saini,"April 9, 2017, 4:53 AM",,INCOMING
Amit Christian,udit saini,"April 9, 2017, 9:21 PM",,INCOMING
Swapnil Agarwal,udit saini,"April 10, 2017, 9:13 AM",,INCOMING
vikash kumar,udit saini,"April 10, 2017, 9:50 AM",,INCOMING
Manish Thapliyal,udit saini,"April 10, 2017, 10:02 AM",,INCOMING
RAJAT JAIN,udit saini,"April 10, 2017, 2:12 PM",,INCOMING
Neil Dave,udit saini,"April 11, 2017, 1:22 AM","Hi Udit!

I wanted to discuss a business opportunity with regards to the TapChief Global Ideathon, a great opportunity for startups to pitch to investors & mentors across the world without having to travel anywhere.

Look forward to connecting for the same.

Best,
Neil",INCOMING
Dr. Rajkumar Goswami,udit saini,"April 12, 2017, 6:14 AM",,INCOMING
ajay kumar,udit saini,"April 18, 2017, 10:38 PM",,INCOMING
ankit shrivastava,udit saini,"April 19, 2017, 2:46 AM",,INCOMING
Ravi Goswami,udit saini,"April 19, 2017, 10:53 AM",,INCOMING
Kapil Jindal,udit saini,"April 19, 2017, 11:05 AM",,INCOMING
Ramana Badampudi,udit saini,"April 20, 2017, 5:06 AM",,INCOMING
Prashanth Kumar,udit saini,"April 20, 2017, 9:17 PM",,INCOMING
Kukkapalli Manaswini,udit saini,"April 20, 2017, 10:57 PM",,INCOMING
Sagarika Choudhary,udit saini,"April 20, 2017, 11:22 PM",,INCOMING
Neelesh Kumar,udit saini,"April 22, 2017, 11:56 AM",,INCOMING
Ankita J,udit saini,"April 18, 2017, 11:01 PM",,INCOMING
Shivraj Shetty,udit saini,"April 12, 2017, 10:56 PM",,INCOMING
Vishnu Kumar Bansal,udit saini,"April 10, 2017, 2:31 AM",,INCOMING
Niraj Srivastava,udit saini,"April 12, 2017, 1:30 AM",,INCOMING
Naveen kandari,udit saini,"April 17, 2017, 5:38 AM",,INCOMING
Deepak Mishra,udit saini,"April 12, 2017, 11:33 PM",,INCOMING
DAVENDRA KUMAR,udit saini,"April 13, 2017, 10:22 AM",,INCOMING
pravesh kumar,udit saini,"April 13, 2017, 7:17 PM",,INCOMING
Nikitha Kurukuri,udit saini,"April 15, 2017, 4:47 AM",,INCOMING
Bhavneesh Dhawan,udit saini,"April 18, 2017, 1:07 AM",,INCOMING
Reena Kamboj,udit saini,"April 18, 2017, 10:36 AM",,INCOMING
RITESH KUMAR,udit saini,"April 18, 2017, 1:52 AM",,INCOMING
Swati Gupta,udit saini,"April 4, 2017, 10:23 PM",,INCOMING
Susanta Tewari,udit saini,"April 10, 2017, 9:12 PM",,INCOMING
Tu Cao,udit saini,"April 10, 2017, 11:39 PM",,INCOMING
Omkar Palkar,udit saini,"April 5, 2017, 4:32 AM",,INCOMING
Roopkishor Singh,udit saini,"April 1, 2017, 7:54 AM",,INCOMING
Sahil Bajaj,udit saini,"March 9, 2017, 8:25 AM",,INCOMING
Vishwa Srivastava,udit saini,"March 10, 2017, 2:33 AM",,INCOMING
sunny rastogi,udit saini,"March 10, 2017, 10:13 AM",,INCOMING
Prashant Kharat,udit saini,"March 11, 2017, 10:57 AM",,INCOMING
Sagrika Raparia,udit saini,"March 13, 2017, 9:11 AM",,INCOMING
Renu Kaushal,udit saini,"March 13, 2017, 11:10 AM",,INCOMING
Manish K Panday,udit saini,"March 14, 2017, 6:44 PM",,INCOMING
himanshu mishra,udit saini,"March 14, 2017, 11:11 PM",,INCOMING
Vivek Aggarwal,udit saini,"March 15, 2017, 10:19 AM",,INCOMING
Arjun Soni,udit saini,"March 15, 2017, 7:30 PM",,INCOMING
Spi edu,udit saini,"March 21, 2017, 4:30 AM",,INCOMING
Anil Kumar,udit saini,"March 20, 2017, 8:34 PM",,INCOMING
Om ji Gupta,udit saini,"March 21, 2017, 7:09 AM",,INCOMING
Sonu Pandey,udit saini,"March 21, 2017, 1:34 PM",,INCOMING
Ajay Kumar Saini,udit saini,"March 21, 2017, 8:24 PM",,INCOMING
vijendra pratap singh,udit saini,"March 29, 2017, 4:49 AM",,INCOMING
PH IT Solutions,udit saini,"March 28, 2017, 4:24 AM",,INCOMING
SUDHANSHU SINGH,udit saini,"March 27, 2017, 8:08 AM",,INCOMING
Nirupma Sinha,udit saini,"March 6, 2017, 8:13 PM",,INCOMING
Sumit Shaw,udit saini,"March 6, 2017, 10:02 PM",,INCOMING
Sharon Xu,udit saini,"March 15, 2017, 9:32 PM","Hi, would you like to consider a job change now?",INCOMING
Mamta Sharma,udit saini,"March 16, 2017, 3:21 AM",,INCOMING
Upendra Vaishnav,udit saini,"March 17, 2017, 2:18 AM",,INCOMING
Val Subbaiah,udit saini,"March 17, 2017, 4:03 AM",,INCOMING
Agnivesh Narmeta,udit saini,"March 18, 2017, 6:21 AM",,INCOMING
Nageswarareddy Venna,udit saini,"March 18, 2017, 8:26 AM",,INCOMING
Shiva Mishra,udit saini,"March 19, 2017, 10:01 PM",,INCOMING
Ashish Tomer,udit saini,"March 19, 2017, 10:10 PM",,INCOMING
Technical Cares,udit saini,"March 20, 2017, 2:30 AM",,INCOMING
Chander Prakash,udit saini,"March 20, 2017, 3:14 PM",,INCOMING
Sharad Vajpayee,udit saini,"March 23, 2017, 10:12 AM",,INCOMING
Neha Patel,udit saini,"March 24, 2017, 1:02 AM",,INCOMING
Sulabh New,udit saini,"March 24, 2017, 5:40 AM",,INCOMING
Thouseef Ahmed,udit saini,"March 25, 2017, 12:31 AM",,INCOMING
Ashish P. Singh,udit saini,"March 25, 2017, 7:30 AM",,INCOMING
rakesh yadav,udit saini,"March 26, 2017, 7:33 AM",,INCOMING
Aakash Bana,udit saini,"March 26, 2017, 11:29 PM",,INCOMING
Harish Gopinath,udit saini,"March 28, 2017, 4:14 AM",,INCOMING
Shubham Mehrotra,udit saini,"March 4, 2017, 6:55 AM",,INCOMING
♛ Satish Dharwadkar ♛ ⓁⒾⓄⓃ,udit saini,"March 4, 2017, 12:20 AM",,INCOMING
Meenu Aggarwal,udit saini,"March 2, 2017, 11:00 PM",,INCOMING
Mridul Muralidharan,udit saini,"March 1, 2017, 8:41 AM",,INCOMING
Suyash Gupta,udit saini,"March 2, 2017, 6:16 AM",,INCOMING
Shravani Naidu,udit saini,"March 2, 2017, 2:09 AM",,INCOMING
swarna gupta,udit saini,"March 2, 2017, 8:36 AM",,INCOMING
Rohit Bhadana,udit saini,"February 28, 2017, 5:36 AM",,INCOMING
Manu Saxena,udit saini,"February 28, 2017, 1:57 AM",,INCOMING
"""Alok Dalvi (AGD)",udit saini,"February 27, 2017, 3:41 AM",,INCOMING
Anurag Sinha,udit saini,"February 27, 2017, 6:58 AM",,INCOMING
Vishal Kumar,udit saini,"February 25, 2017, 12:05 PM",,INCOMING
Niti Meena,udit saini,"February 25, 2017, 3:04 AM",,INCOMING
logicalmedia feed,udit saini,"February 24, 2017, 3:30 AM",,INCOMING
Sudipta Banerjee,udit saini,"February 24, 2017, 7:30 PM",,INCOMING
Guy Yollin,udit saini,"February 23, 2017, 11:30 AM","Hello Udit,
This is Guy Yollin from Milliman in Seattle.
Let's connect on LinkedIn.
Best,
Guy",INCOMING
Prince Sahni,udit saini,"February 21, 2017, 9:11 AM",,INCOMING
Abhimanyu Kumar (MCP),udit saini,"February 21, 2017, 8:29 PM",,INCOMING
sandeep tiwari,udit saini,"February 16, 2017, 10:33 PM",,INCOMING
Nikhil Bhatia,udit saini,"February 17, 2017, 7:12 PM",,INCOMING
Amit kumar,udit saini,"February 18, 2017, 7:30 PM",,INCOMING
Shokendra Saini,udit saini,"February 20, 2017, 11:23 AM",,INCOMING
Ajay Wakodkar,udit saini,"February 15, 2017, 1:35 AM",,INCOMING
Aftab Alam,udit saini,"February 13, 2017, 12:02 PM",,INCOMING
Deepak Sethi,udit saini,"February 13, 2017, 7:48 AM",,INCOMING
Vaibhav Tyagi,udit saini,"February 12, 2017, 8:46 PM",,INCOMING
Sunil Kumar,udit saini,"February 12, 2017, 8:01 AM",,INCOMING
Nitin Srivastava,udit saini,"February 12, 2017, 4:12 AM",,INCOMING
Abhimanyu Singh,udit saini,"February 12, 2017, 1:00 AM",,INCOMING
Pranshi Kumari,udit saini,"February 10, 2017, 9:15 PM",,INCOMING
Ashwin Kumar,udit saini,"February 10, 2017, 9:18 PM",,INCOMING
Devasia Joseph,udit saini,"February 9, 2017, 5:58 PM",,INCOMING
Sandeep Freelancer,udit saini,"February 8, 2017, 1:24 AM",,INCOMING
Divya k,udit saini,"February 6, 2017, 8:02 PM",,INCOMING
Kunal Singh Berwar,udit saini,"February 4, 2017, 8:08 AM",,INCOMING
Sai Bhava Teja  Chinnangolla,udit saini,"February 3, 2017, 1:42 PM",,INCOMING
Vindhya Santhoshi,udit saini,"February 2, 2017, 1:05 AM",,INCOMING
Aashish Bhandari,udit saini,"February 1, 2017, 3:58 AM",,INCOMING
Pragyaditya Das,udit saini,"January 30, 2017, 9:48 PM",,INCOMING
Jaskeerat Singh Ubhi ,udit saini,"January 30, 2017, 8:26 PM",,INCOMING
Veena Jayaram,udit saini,"February 1, 2017, 3:44 AM","Hi Udit,

My name is Veena Jayaram from Rinalytics Advisors. Wanted to connect with you on LinkedIn.

Best Regards,
Veena",INCOMING
Sourabh Bhardwaj,udit saini,"January 24, 2017, 1:42 AM",,INCOMING
arithoti nayudu,udit saini,"January 24, 2017, 11:41 AM",,INCOMING
sanjay kumar,udit saini,"January 27, 2017, 11:56 PM",,INCOMING
Mohammed Zaffer,udit saini,"January 28, 2017, 12:25 AM",,INCOMING
pratik singh,udit saini,"January 28, 2017, 5:22 AM",,INCOMING
Mayank Aeron,udit saini,"January 25, 2017, 12:53 AM",,INCOMING
Roopam Upadhyay,udit saini,"January 23, 2017, 7:40 PM",,INCOMING
Durgesh Rai,udit saini,"January 22, 2017, 2:16 AM",,INCOMING
Amit Kumar,udit saini,"January 17, 2017, 1:26 AM",,INCOMING
Prathamesh Sarang,udit saini,"January 19, 2017, 2:46 AM",,INCOMING
suresh jaiswal,udit saini,"January 19, 2017, 3:53 AM",,INCOMING
Sreekumar Jairaj,udit saini,"January 20, 2017, 6:39 AM",,INCOMING
Arshia Dhingra,udit saini,"January 19, 2017, 6:16 AM",,INCOMING
Nishant Shukla,udit saini,"January 17, 2017, 6:53 PM",,INCOMING
Honey Thakur,udit saini,"January 17, 2017, 2:29 AM",,INCOMING
Prabhu Nandan Kumar,udit saini,"January 16, 2017, 4:38 AM",,INCOMING
Rajesh Kumar,udit saini,"January 16, 2017, 6:11 AM",,INCOMING
Chandan pandey,udit saini,"January 13, 2017, 5:03 AM",,INCOMING
Shubham Prajapati,udit saini,"January 13, 2017, 9:03 AM",,INCOMING
Dharmendra kumar dhiraj,udit saini,"January 14, 2017, 8:52 AM",,INCOMING
MOHD PARVEZ KHAN,udit saini,"January 14, 2017, 8:52 AM",,INCOMING
Lokesh Wadhwa,udit saini,"January 15, 2017, 10:03 AM",,INCOMING
Kritika Bansal,udit saini,"January 15, 2017, 6:42 AM",,INCOMING
Ajith Isaac,udit saini,"January 12, 2017, 4:01 AM",,INCOMING
Kunjan Bagdia,udit saini,"January 11, 2017, 1:59 AM",Contacting on behalf ISGW 2017. It is a GOVT. OF INDIA initiative in support with TATA POWER-DDL.Very pleased to tell you that you are among hand-picked people invited to participate in ISGW Awards.Connect with us to know more or call 7722086088,INCOMING
vaishnavi prasad,udit saini,"January 9, 2017, 6:30 AM",,INCOMING
Shweta Tyagi,udit saini,"January 9, 2017, 2:06 AM",,INCOMING
Yogesh Singh Rawat,udit saini,"January 7, 2017, 8:00 PM",,INCOMING
Surendra Kunwar (L.I.O.N),udit saini,"January 6, 2017, 5:39 AM",,INCOMING
Nitish Vernekar,udit saini,"January 3, 2017, 11:13 PM",,INCOMING
VidyaSunil & Associates,udit saini,"January 5, 2017, 4:19 PM",,INCOMING
nitesh laddha,udit saini,"January 4, 2017, 7:08 AM",,INCOMING
Sunil Bhadoriya,udit saini,"January 3, 2017, 12:09 AM",,INCOMING
nandita chib,udit saini,"January 2, 2017, 11:43 PM",,INCOMING
Himadri Pramanik,udit saini,"January 2, 2017, 6:50 AM",,INCOMING
Ashish Tripathi,udit saini,"January 2, 2017, 6:18 PM",,INCOMING
Arijit Bhattacharya,udit saini,"January 2, 2017, 5:17 AM",,INCOMING
Mohit Mishra,udit saini,"January 2, 2017, 3:22 AM",,INCOMING
Ashutosh Kumar,udit saini,"January 1, 2017, 8:08 PM",,INCOMING
Yogendra Kumar Dehariya,udit saini,"December 27, 2016, 11:09 AM",,INCOMING
Bobby Mahim,udit saini,"December 27, 2016, 6:31 AM",,INCOMING
Ramchander Chikkala,udit saini,"December 28, 2016, 12:02 PM",,INCOMING
Jitendra Fouzdar,udit saini,"December 29, 2016, 3:44 AM",,INCOMING
Chinmay D,udit saini,"December 29, 2016, 11:38 PM",,INCOMING
Trishala Singh,udit saini,"December 30, 2016, 2:10 AM",,INCOMING
Ishmeet Singh,udit saini,"December 23, 2016, 2:00 AM",,INCOMING
B L SURYA,udit saini,"December 22, 2016, 5:58 AM",,INCOMING
Ankur Chaudhary,udit saini,"December 22, 2016, 2:47 AM",,INCOMING
D Prasanna,udit saini,"December 14, 2016, 10:13 PM",,INCOMING
Guruprasad P,udit saini,"December 11, 2016, 11:36 PM",,INCOMING
Asha G,udit saini,"December 11, 2016, 5:08 AM",,INCOMING
Deepak Rai,udit saini,"December 11, 2016, 4:30 AM",,INCOMING
Divine Space,udit saini,"December 8, 2016, 11:00 PM",,INCOMING
VENKATRAMANA. PITALA,udit saini,"December 7, 2016, 4:04 AM",,INCOMING
Harsh D.,udit saini,"December 1, 2016, 4:06 AM",,INCOMING
Harsha Oruganti,udit saini,"December 2, 2016, 1:25 AM",,INCOMING
RAVISHANKAR CHAUBEY,udit saini,"November 29, 2016, 6:30 AM",,INCOMING
Joydip Ghosh,udit saini,"November 28, 2016, 8:55 AM",,INCOMING
Smriti Pande,udit saini,"November 28, 2016, 12:06 AM",,INCOMING
Rahul Rathore,udit saini,"November 25, 2016, 9:49 AM",,INCOMING
Punit Chauhan,udit saini,"November 21, 2016, 10:25 PM",,INCOMING
Rohit Dhawade,udit saini,"November 23, 2016, 4:54 AM",,INCOMING
Rekha Uniyal,udit saini,"November 19, 2016, 9:37 AM",,INCOMING
"Subhaga, looking for R Or Python experts",udit saini,"November 17, 2016, 4:59 AM",,INCOMING
Siddharth-Research/ Analytic Hiring in Malaysia/Thailand,udit saini,"November 17, 2016, 4:56 AM",,INCOMING
Vivek Goswami,udit saini,"November 16, 2016, 11:15 PM",,INCOMING
Reeta Saini,udit saini,"November 14, 2016, 9:00 AM",,INCOMING
Vishal Kain,udit saini,"November 15, 2016, 10:10 PM",,INCOMING
BIGIT Technology,udit saini,"November 15, 2016, 12:35 AM",,INCOMING
udit saini,Philip Margolis,"April 19, 2017, 2:33 AM",,OUTGOING
udit saini,Lex van Dam,"May 2, 2017, 5:16 AM",,OUTGOING
udit saini,Sudhir Singh,"December 22, 2016, 6:01 AM",,OUTGOING
