Company Name,Description,Location,Start Date,End Date,Title
NextGen Invent Corporation,"Designed a framework for performing end to end machine learning for document level sentiment analysis which perform all the task of feature extraction selection and feature ranking to model training then evaluate model with f1-score of model.



","Noida Area, India",6/2012,12/2013,Software Engineer
NextGen Invent Corporation,"PureAnalyzer
It is Social Media Marketing tool that analyze public sentiment of company, company product, competitor, competitor product and represent the information using various graph and reports. Similar tools are Radian 6, Social Mention.",Noida,1/2012,6/2012,Research Intern
SMARTe Inc.,"product for automatic leads generation from complete web using dedicated crawler , NLP algorithms ,Semantic technologies , machine learning and open source data sets like freebase, yago or dbpedia. 

- Data mining, classification, entity extraction (information extraction ), relation extraction ,web crawling
- Data analysis & Statistical modeling
- Predictive Modeling",,1/2014,1/2015,software engineer Algorithms
Antfarm Business Incubator Private Limited,"•	Predictive analytics use cases for Customer Success Management like Churn prediction, up-sell/cross-sell models, health scores, Customer Segmentation and productions of Data Science workflow. 
•	Supply vs Demand predictive model for deliveries in order to achieve the targeted level of service.
•	Vendor value prediction volume.
•	Estimated Order Delivery time prediction.
•	Customer classification ,clustering  
•	 Customer Churn and lifetime value predictions
•	Analytics Framework with Shiney and R and D3.
•	Classifier for News article for content based ads targeting.
•	Recommendation engine for e-commerce site (collaborative filtering with ALS).",,1/2015,,Research Engineer (Data Science)
