First Name,Last Name,Maiden Name,Created Date,Address,Birth Date,Contact Instructions,Marital Status,Headline,Summary,Industry,Association
udit,saini,,04/05/2012 05:21:46 UTC,,11/3/1988,"uditsaini.gkv@gmail.com
uditdotcom@gmail.com",Single,Research Engineer (Data Science) at Antfarm Business Incubator Private Limited,"Worked on Diverse problems of Natural language processing. 
I worked to identify, architect & implement the appropriate machine learning/statistics/analytics/data mining solutions for the specific business need.
Natural language processing , statistical machine learning, predictive modeling, regression, supervised learning (e.g. classification), unsupervised learning (e.g. clustering, segmentation)  and probabilistic graphical models. 

Recent applications :  eCommerce,  social media analytics , Demand prediction , Automated information extarction

Programming: Java,Python, R, ",Computer Software,
